0,Intro
70,Marilyn Manson - Personal Jesus
310,Wolfgun - Robotic Handbag
557,The Crystal Method - Roll It Up
912,Digitalism - Idealistic (Original Mix)
1159,Overseer - Velocity Shift
1286,Hasbro Interactive - Frogger 2 - Track 3
1486,Hasbro Interactive - Frogger 2 - Main Menu
1666,Eagles - Those Shoes
1964,Massive Attack - Teardrop
2285,Max Cavalerra - Heile Welt (Original Mix)
2859,Will Post - Experiment 24
3174,Little Big Town - Tornado
3393,Hasbro Interactive - Frogger Main Menu
3507,Sub Focus - Last Jungle
3719,SPY - Hammer In My Heart (feat. Diane Charlemagne)
4078,Wolfgun - Intrepid-PH
4294,The Crystal Method - High Roller
4616,The Commodores - Brick House (12' Version)
4989,UNION - Darth&Vader - Barbraloss (Mashup)
5310,The Fish House - Banged (Ftampa Remix)
5640,Knife Party - Tourniquet (Original Mix)
5887,Alex Kidd - Blastoff
6246,Soichi Terada - moony (advanced)
6500,Apex - The Yearning VIP (Original Mix)
6967,Filthy Kicks - Deluge
7323,Tomorrow will be better, I promise
7555,Utah Jazz - Cloud Nine
7886,Utah Jazz - Acoustic Jam
8159,Hasbro Interactive - Frogger Sky Level
8243,Gui Boratto - Galuchat (Original Mix)
8616,Blaqk Audio - Wake Up, Open the Door and Escape to the Sea
8799,Dire Straits - When It Comes to You
9074,Bluetech - 667
9462,A-ux - Neon Generation
9706,Aaron Parks - Nemesis
10088,Loreena McKennitt - The Mystic's Dream
10485,Loreena McKennitt - The Mummers' Dance
10876,Mrs Jynx - Dusty
11096,Casey LaLonde - Private Woods
